"id","message"
"1","Hey I love your new API, the parameters are way better than the ones before"
"2","The thing you said is the worst thing I have ever heard"
"3","dog cat, the pop up house that is round to table"
"4","Im not sure I agree"
"5","That's ok"
"6","asdasdasfdgeaf"
"7","Co jste právě řekli, je jedna z nejúžasnějších věcí, které jsem kdy slyšela"
"8","Can you explain what happened with the last post?"
"9","Whats up with the new buffer api"
"10","I really like the way Adam makes components"